Designator,Footprint,Quantity,Value,LCSC Part #
"_4, _3, _2, ",,4,,
"C1, C10, C11, C15, C16, C17, C18, C19, C2, C20, C21, C22, C23, C24, C25, C26, C27, C28, C29, C30, C31, C32, C33, C34, C35, C36, C37, C38, C39, C40, C45, C46, C5, C50, C52, C6, C9",C0402,37,CL05B104KO5NNNC,C1525
"C12, C13, C14",C0603,3,CL10A475KO8NNNC,C19666
"C3, C4, C51",C0402,3,CL05A225MQ5NSNC,C12530
"C41, C42",C0402,2,0402B102K500NT,C1523
"C43, C44",C0402,2,0402CG150J500NT,C1548
"C47, C48",C0402,2,0402CG270J500NTN,C1557
C49,C0603,1,CL10A225KO8NNNC,C23630
"C7, C8",C0402,2,CL05B104KB54PNC,C307331
CARD1,TF-SMD_TF-021B-H265,1,TF-021B-H265,C498185
"L1, L4",L0603,2,BLM18PG121SN1D_C14709,C14709
"L2, L3",L0603,2,SDCL1608C68NJTF,C13415
LED1,LED-SMD_L1.6-W0.8-R-RD,1,KT-0603R,C2286
LED2,LED0603-R-RD_WHITE,1,0603White light_C2290,C2290
"R1, R2, R3, R4, R5, R8",R0402,6,0402WGF220JTCE,C25092
"R10, R19, R20, R21, R6, R7, R9",R0402,7,0402WGF5601TCE,C25908
"R11, R12, R13, R14, R15",R0402,5,0402WGF1502TCE,C25756
"R16, R17",R0402,2,0402WGF3300TCE,C25104
"R22, R23",R0402,2,0402WGF499JTCE,C25120
"R24, R25, R26",R0402,3,0402WGF2001TCE,C4109
SW2,SW-SMD_L3.9-W3.0-P4.45,1,TS-1088-AR02016,C720477
"U1, U8",HDR-TH_46P-P2.54-V-M-R2-C23-S2.54,2,DS1021-2X23SF11-B,C7430419
U2,QFN-128_L12.3-W12.3-P0.35-TL-EP9.0,1,CH32H417QEU6_C49363240,C49363240
U3,VQFN-16_L3.0-W3.0-P0.50-BL-EP1.8,1,CH9441P,C54300797
U4,SOT-23-5_L3.0-W1.7-P0.95-LS2.8-BR,1,ME6217C33M5G,C427602
U7,DFN-8_L2.0-W2.0-P0.50-TL-EP,1,SGL0622Z,C470895
"USB1, USB2",USB-C-SMD_TYPEC-324G-BCP24,2,HC-TYPE-C-24P-035A,C48887178
X1,CRYSTAL-SMD_4P-L3.2-W2.5-BL,1,X322525MOB4SI,C9006
