Designator,Mid X,Mid Y,Rotation,Layer
_4,99.515807,-109.99,0.0,top
_3,162.570001,-81.989999,0.0,top
_2,162.57,-109.99,0.0,top
,99.515807,-81.99,0.0,top
C1,134.89,-105.44,0.0,top
C10,149.64,-88.73,270.0,top
C11,139.4,-87.98,270.0,top
C12,113.53,-89.36,270.0,top
C13,110.79,-87.98,0.0,top
C14,110.79,-94.74,0.0,top
C15,113.530001,-92.239999,270.0,top
C16,163.72,-96.0625,270.0,top
C17,149.99,-103.75,90.0,top
C18,146.15,-103.75,90.0,top
C19,147.27,-102.361614,180.0,top
C2,140.4,-87.98,270.0,top
C20,135.0162,-87.98,270.0,top
C21,147.27,-98.7,180.0,top
C22,147.27,-90.147452,180.0,top
C23,147.27,-94.881251,180.0,top
C24,145.01,-103.75,90.0,top
C25,138.4,-87.98,270.0,top
C26,131.88,-96.485052,0.0,top
C27,137.893015,-103.515161,45.0,top
C28,131.88,-101.375051,0.0,top
C29,134.23,-103.92,0.0,top
C3,148.64,-88.73,270.0,top
C30,175.3,-99.19,270.0,top
C31,175.95,-93.83,270.0,top
C32,172.43,-99.14,0.0,top
C33,125.71,-98.7,0.0,top
C34,170.76,-101.41,270.0,top
C35,171.76,-101.41,270.0,top
C36,172.76,-101.41,270.0,top
C37,173.76,-101.41,270.0,top
C38,172.8,-86.42,90.0,top
C39,173.8,-86.42,90.0,top
C4,147.27,-89.15,180.0,top
C40,174.8,-86.42,90.0,top
C41,172.81,-92.29,270.0,top
C42,163.29,-88.7,0.0,top
C43,144.38,-105.49,90.0,top
C44,139.32,-105.49,270.0,top
C45,174.6,-92.29,270.0,top
C46,171.57,-86.41125,90.0,top
C47,170.95,-95.28,270.0,top
C48,170.95,-97.72,90.0,top
C49,175.36,-108.81,270.0,top
C5,121.015369,-100.111593,45.0,top
C50,175.25,-106.59,180.0,top
C51,126.72,-100.87,45.0,top
C52,125.316985,-100.87,45.0,top
C6,121.722475,-100.8187,45.0,top
C7,112.33,-104.91,270.0,top
C8,111.33,-104.91,270.0,top
C9,131.88,-92.937452,0.0,top
CARD1,160.51,-96.0025,270.0,top
JP1,115.800995,-96.597107,180.0,top
JP2,115.8,-98.601837,180.0,top
JP3,107.607502,-97.555,0.0,top
JP4,167.920017,-88.17,90.0,bottom
JP5,107.607502,-86.3,0.0,top
L1,148.07,-103.512,180.0,top
L2,167.9,-86.19125,180.0,top
L3,172.8,-88.78,90.0,top
L4,173.33,-108.81,90.0,top
LED1,161.6,-87.579999,90.0,top
LED2,160.14,-87.589999,90.0,top
R1,149.65,-96.13,0.0,top
R10,101.95,-95.985,0.0,top
R11,163.72,-102.07513,90.0,top
R12,163.72,-90.87,270.0,top
R13,163.72,-100.196248,270.0,top
R14,163.72,-92.7525,90.0,top
R15,163.72,-98.316847,90.0,top
R16,161.78,-85.69,0.0,top
R17,161.78,-84.69,0.0,top
R19,126.13,-97.017,270.0,top
R2,149.65,-95.13,0.0,top
R20,174.91,-104.35,270.0,top
R21,175.91,-104.35,270.0,top
R22,174.91,-102.09,270.0,top
R23,175.91,-102.09,270.0,top
R24,163.29,-86.69,0.0,top
R25,171.812028,-92.29,270.0,top
R26,163.29,-87.7,0.0,top
R3,149.65,-94.13,0.0,top
R4,149.65,-93.13,0.0,top
R5,149.65,-92.04,0.0,top
R6,111.33,-98.54,270.0,top
R7,111.77,-96.597107,0.0,top
R8,149.65,-91.04,0.0,top
R9,103.83,-95.985,180.0,top
SW2,122.35,-96.8,180.0,top
TP1,135.020596,-101.668714,270.0,bottom
TP10,174.66,-103.33,0.0,bottom
TP11,176.06,-103.44,0.0,bottom
TP12,170.7,-93.16,270.0,top
TP13,170.7,-93.93,270.0,top
TP14,166.36,-87.72,0.0,top
TP2,136.363731,-101.668714,270.0,bottom
TP3,137.706865,-101.668714,270.0,bottom
TP4,139.05,-101.668714,270.0,bottom
TP5,171.26,-104.17,180.0,top
TP6,172.14,-106.16,180.0,top
TP7,170.76,-105.94,180.0,top
TP8,169.88,-103.95,180.0,top
TP9,158.35,-87.87,0.0,bottom
U1,130.98,-109.3,180.0,bottom
U2,139.58,-95.761251,180.0,top
U3,111.08,-101.78,270.0,top
U4,110.79,-91.36,270.0,top
U7,170.505,-88.73,90.0,top
U8,131.11,-82.67,180.0,bottom
USB1,102.5875,-101.66,270.0,top
USB2,102.5875,-90.31,270.0,top
X1,141.85,-104.68,180.0,top
